{"cameraMode":{"drawMode":0,"name":"Shaded","section":"Shading Mode"},"sceneLighting":true,"audioPlay":false,"sceneViewState":{"m_AlwaysRefresh":false,"showFog":true,"showSkybox":true,"showFlares":true,"showImageEffects":true,"showParticleSystems":true,"showVisualEffectGraphs":true,"m_FxEnabled":true},"in2DMode":false,"pivot":{"x":-0.7400000095367432,"y":0.49000000953674319,"z":3.0999999046325685},"rotation":{"x":0.005259353667497635,"y":0.9247250556945801,"z":-0.01276848278939724,"w":0.3804374635219574},"size":0.8660283088684082,"orthographic":false}