{"cameraMode":{"drawMode":0,"name":"Shaded","section":"Shading Mode"},"sceneLighting":true,"audioPlay":false,"sceneViewState":{"m_AlwaysRefresh":false,"showFog":true,"showSkybox":true,"showFlares":true,"showImageEffects":true,"showParticleSystems":true,"showVisualEffectGraphs":true,"m_FxEnabled":true},"in2DMode":false,"pivot":{"x":-1.2115716934204102,"y":1.2371424436569214,"z":4.770063400268555},"rotation":{"x":0.06916676461696625,"y":0.9279553890228272,"z":-0.2182537019252777,"w":0.29407888650894167},"size":0.13372014462947846,"orthographic":false}